Hospital Name,CITY,STATE,Rating,Number of Reviews,Plus Code
East Point Hospital (Banglore),Bangalore,KARNATAKA,4.0,1135,"3P38+FV Bengaluru, Karnataka"
Essential Hospital,Bangalore,KARNATAKA,4.0,393,"XGF5+WR Bengaluru, Karnataka"
Fortis Hospitals Cunningham Road,BANGALORE,KARNATAKA,4.6,4792,"XHQV+7P Bengaluru, Karnataka"
Fortis Hospitals Ltd Bannerghatta,BANGALORE,KARNATAKA,4.7,18633,"VHVX+WC Bengaluru, Karnataka"
Fortis Hospitals Ltd Nagarbhavi,BANGALORE,KARNATAKA,4.6,6052,"XG56+WG Bengaluru, Karnataka"
Gia Hospital,Bangalore,KARNATAKA,2.3,6,"XG7R+JX Bengaluru, Karnataka"
Gleneaglas Global Hospitals,BANGALORE,KARNATAKA,4.2,160,"XH8X+5X Bengaluru, Karnataka"
Green City Hospital,Bangalore,KARNATAKA,4.1,450,"WH4P+73 Bengaluru, Karnataka"
"Gunasheela Surgicals And Maternity 
Hospital",BANGALORE,KARNATAKA,4.1,536,"WHRG+3H Bengaluru, Karnataka"
H. K. Hospital,Bangalore,KARNATAKA,4.0,147,"WF5H+C9 Bengaluru, Karnataka"
Hitech Kidney Stone Hospital,BANGALORE,KARNATAKA,3.9,36,"XHQJ+39 Bengaluru, Karnataka"
"Fortis International Hospital Ltd 
Rajajinagar",BANGALORE,KARNATAKA,4.6,2863,"2G2X+VJ Bengaluru, Karnataka"
J P Hospital (Nelamngala),Bangalore,KARNATAKA,3.3,32,
K L Hospitals Pvt Ltd,Bangalore,KARNATAKA,1.8,8,"2MCH+97 Bengaluru, Karnataka"
KK Hospital,BANGALORE,KARNATAKA,4.1,662,"3HWQ+RQ Bengaluru, Karnataka"
"Kangaroo Care Maternity And Children 
Hospital",BANGALORE,KARNATAKA,4.2,2356,
Karanth Speciality Hospital,Bangalore,KARNATAKA,4.7,1184,"VJM3+Q7 Bengaluru, Karnataka"
Kethams Hospital Pvt Ltd (Bangalore),Bangalore,KARNATAKA,2.6,197,
Kims Hospital And Research Centre,Bangalore,KARNATAKA,3.1,320,"XH4F+JR Bengaluru, Karnataka"
Koshys Hospital ( Bangalore),BANGALORE,KARNATAKA,4.1,2374,"2MCG+7C Bengaluru, Karnataka"
Leela Hospital And Diagnostic Center,Bangalore,KARNATAKA,3.7,7,"2H29+3Q Bengaluru, Karnataka"
Leena Multispeciality Hospital,BANGALORE,KARNATAKA,3.9,183,"6PV7+37 Devanahalli, Southegowdanahalli, Karnataka"
Maharaja Agrasen Hospital Banglore,BANGALORE,KARNATAKA,4.1,778,"WH84+92 Padmanabhanagar, Bengaluru, Karnataka"
"Maiya Multyspeciality Hospital (Bangalore 
)",Bangalore,KARNATAKA,4.3,369,"WHVP+26 Bengaluru, Karnataka"
Mamatha Hospital,Bangalore,KARNATAKA,3.0,85,"WHCR+5W Bengaluru, Karnataka"
Manasa Hospital(Gauribidanur),Bangalore,KARNATAKA,3.3,100,"JG47+FP Gauribidanur, Karnataka"
Dr Malathi Manipal Hospital,BANGALORE,KARNATAKA,4.7,9587,"WH8R+VP Bengaluru, Karnataka"
Manipal Hospital North Side,BANGALORE,KARNATAKA,4.6,1786,"2H27+CH Bengaluru, Karnataka"
Manipal Hospital Pvt Ltd - Whitefield,BANGALORE,KARNATAKA,4.6,18995,"XP5W+75 Bengaluru, Karnataka"
Mathru Hospital,Bangalore,KARNATAKA,4.3,281,"VGMW+3G Bengaluru, Karnataka"
Medcare Hospital,BANGALORE,KARNATAKA,4.0,132,"XH3F+6M Bengaluru, Karnataka"
Mediscope Hospital,BANGALORE,KARNATAKA,4.4,662,"2J68+FF Bengaluru, Karnataka"
Medsol Hospital,BANGALORE,KARNATAKA,,,"WJC8+3G Bengaluru, Karnataka"
Medstar Speciality Hospital,BANGALORE,KARNATAKA,4.4,1315,"3H5P+6F Bengaluru, Karnataka"
Meenakshi Hospital(Ban),BANGALORE,KARNATAKA,4.4,1160,"WHFC+JF Bengaluru, Karnataka"
Motherhood Hospital,BANGALORE,KARNATAKA,4.9,112,"3J7X+J5 Bengaluru, Karnataka"
"Nagappa Hadli Hospital (Mutli Speciality 
Hospital)",Bangalore,KARNATAKA,4.3,283,"3GMX+6F Bengaluru, Karnataka"
Nano Hospitals,BANGALORE,KARNATAKA,4.2,1759,"VJJ6+93 Bengaluru, Karnataka"
Narayana Multispeciality Hospital,BANGALORE,KARNATAKA,4.5,11764,"WJ5V+6C Bengaluru, Karnataka"
"Narayana Super Speciality Hospital 
(Banglore)",Bangalore,KARNATAKA,4.1,943,"2H59+99 Bengaluru, Karnataka"
"Navachethana Hospital(A Unit Of Pan 
Asia Hospital Pvt.Ltd)",BANGALORE,KARNATAKA,3.9,1176,"4H3M+GF Bengaluru, Karnataka"
Nayak Hospital,BANGALORE,KARNATAKA,3.0,57,"XHX6+P7 Bengaluru, Karnataka"
"Nethradhama Hospital Pvt Ltd 
Rajajinagar",BANGALORE,KARNATAKA,4.8,1527,"XHX2+29 Bengaluru, Karnataka"
Nu Hospitals Pvt Ltd,BANGALORE,KARNATAKA,4.8,4363,"WH94+69 Bengaluru, Karnataka"
Omega Multispeciality Hospital,BANGALORE,KARNATAKA,4.6,1810,"4H2J+3H Bengaluru, Karnataka"
PD Hinduja Sindhi Hospital,BANGALORE,KARNATAKA,3.7,725,"XH7V+Q3 Bengaluru, Karnataka"
Panacea Hospital Nagarbhavi,BANGALORE,KARNATAKA,,,
People Tree Hospitals,BANGALORE,KARNATAKA,4.5,4337,"2GHQ+GQ Bengaluru, Karnataka"
Sree Saiprasad Multispeciality Hospital,BANGALORE,KARNATAKA,3.6,54,"3HXG+9X Bengaluru, Karnataka"
Prasad Hospital (Bangalore),Bangalore,KARNATAKA,4.2,155,"3GRP+F6 Bengaluru, Karnataka"
Pristine Hospital(Bangalore),BANGALORE,KARNATAKA,4.2,466,"XGXV+67 Bengaluru, Karnataka"
Pro Care Hospital,BANGALORE,KARNATAKA,5.0,2,"2MC2+3J Bengaluru, Karnataka"
Prolife Multispeciality Hospital,BANGALORE,KARNATAKA,4.5,1032,"3H7V+XF Bengaluru, Karnataka"
Punya Hospital,BANGALORE,KARNATAKA,4.3,1141,"XGPP+CX Bengaluru, Karnataka"
Punya Hospital India Pvt Ltd,BANGALORE,KARNATAKA,4.3,1141,"XGPP+CX Bengaluru, Karnataka"
"Rajarajeswari Medical College And 
Hospital(Bfangalore)",Bangalore,KARNATAKA,4.0,2267,"VFV7+H7 Kambipura, Karnataka"
Rajashri Grandhim Speciality Hospital,BANGALORE,KARNATAKA,4.3,458,"VJW5+52 Bengaluru, Karnataka"
Rajnandini Hospital,Bangalore,KARNATAKA,2.3,103,"VHMC+R3 Bengaluru, Karnataka"
"Raksha Multispeciality 
Hospital(Bangalore)",BANGALORE,KARNATAKA,3.7,121,"2G9R+RR Bengaluru, Karnataka"
Rangadore Memorial Hospital,BANGALORE,KARNATAKA,3.6,967,"XH3C+CC Bengaluru, Karnataka"
Regal Hospital,Bangalore,KARNATAKA,4.4,1614,"3JMM+8X Bengaluru, Karnataka"
Republic Hospital,Bangalore,KARNATAKA,3.3,46,"XH7X+J7 Bengaluru, Karnataka"
S. K. Hospital,Bangalore,KARNATAKA,3.3,100,"XG49+W9 Bengaluru, Karnataka"
S.G. Hospital,Bangalore,KARNATAKA,3.9,32,"WGHW+28 Bengaluru, Karnataka"
Sagar Chandramma Hospital,BANGALORE,KARNATAKA,3.7,312,"WHXF+FV Bengaluru, Karnataka"
Sagar Hospital ( Banagalore ),BANGALORE,KARNATAKA,4.4,3492,"WH57+6X Bengaluru, Karnataka"
Sahana Hospital,Bangalore,KARNATAKA,5.0,1,"2G8V+HC Bengaluru, Karnataka"
Sanjeevini Hospital(Bangalore),BANGALORE,KARNATAKA,4.5,2018,"2G6V+MH Bengaluru, Karnataka"
Sarojini Hospital,BANGALORE,KARNATAKA,4.0,83,"2GR3+CV Bengaluru, Karnataka"
"Sathya Sai Orthopaedic And 
Multispeciality Hospital",BANGALORE,KARNATAKA,4.7,4761,"2PC7+J4 Bengaluru, Karnataka"
Sevakshetra Hospital,Bangalore,KARNATAKA,3.3,354,"WHCC+JV Bengaluru, Karnataka"
Seventh-Day Adventist Hospital,Bangalore,KARNATAKA,3.8,514,"XJW6+6G Bengaluru, Karnataka"
Shanthi Hospital And Research Centre,BANGALORE,KARNATAKA,4.2,348,"WHCG+3V Bengaluru, Karnataka"
Shekhar Hospital,BANGALORE,KARNATAKA,4.4,413,"WHW8+8X Bengaluru, Karnataka"
Shirdi Sai Hospital Pvt Ltd,BANGALORE,KARNATAKA,3.2,212,"2HP7+WX Bengaluru, Karnataka"
Shiva Shakti Multispeciality Hospital,BANGALORE,KARNATAKA,3.3,78,"WFRV+97 Bengaluru, Karnataka"
Shreya Hospital(Bang),BANGALORE,KARNATAKA,4.1,726,"WFCM+H7 Bengaluru, Karnataka"
Shushrusha Hospital,BANGALORE,KARNATAKA,4.0,622,"3HXX+V6 Bengaluru, Karnataka"
Sita Bhateja Speciality Hospital,Bangalore,KARNATAKA,5.0,1,"XHMV+9V Bengaluru, Karnataka"
South City Hospital,BANGALORE,KARNATAKA,4.2,161,"WHXJ+V3 Bengaluru, Karnataka"
Sparsh Hospital (Bangalore),BANGALORE,KARNATAKA,,,
Sparsh Hospital For Advanced Surgeries,BANGALORE,KARNATAKA,4.7,675,"XHMV+8W Bengaluru, Karnataka"
"Sparsh Super Speciality Hospital 
Yeshwanthpur",BANGALORE,KARNATAKA,4.7,11513,"2GHV+35 Bengaluru, Karnataka"
Sri Lakshmi Hospital,BANGALORE,KARNATAKA,4.5,570,
Sree Venkateshwara Speciality Hospital,Bangalore,KARNATAKA,5.0,1,"WMW6+M5 Bengaluru, Karnataka"
"Sree Vijayalakshmi Hospital And Trauma 
Care Centre",Bangalore,KARNATAKA,3.8,92,"2JPR+X9 Bengaluru, Karnataka"
Sreenivasa Hospital,Bangalore,KARNATAKA,3.6,146,"XHFF+72 Bengaluru, Karnataka"
Sri Maruthi Hospital,BANGALORE,KARNATAKA,3.9,79,"XHVF+3M Bengaluru, Karnataka"
Sri Raghavendra Hospital,Bangalore,KARNATAKA,5.0,3,
Sri Sai Krupa Hospital,Bangalore,KARNATAKA,4.5,98,"3H5J+MP Bengaluru, Karnataka"
Sri Sai Ram Hospital,BANGALORE,KARNATAKA,4.1,419,"VHV9+P8 Bengaluru, Karnataka"
"Sri Shankara Cancer Hospital And 
Research Centre",BANGALORE,KARNATAKA,4.1,1019,"XH3C+JF Bengaluru, Karnataka"
Sri Srinivasa Hospital (Anekal),Bangalore,KARNATAKA,4.4,23,"PM5X+Q8 Anekal, Karnataka"
Sri Venkateshwara Hospital (Bangalore),Bangalore,KARNATAKA,2.7,71,"WJR3+X2 Bengaluru, Karnataka"
Srinivasa Hospital (Hoskote Twon),Bangalore,KARNATAKA,3.0,122,"3QFP+J6 Hoskote, Karnataka"
St. Philomena'S Hospital,Bangalore,KARNATAKA,3.7,837,"XJ86+4C Bengaluru, Karnataka"
Suguna Hospital,BANGALORE,KARNATAKA,4.7,8150,"XHQ6+72 Bengaluru, Karnataka"
Sun Orthopaedic Hospital,BANGALORE,KARNATAKA,4.9,1848,"2HM3+8X Bengaluru, Karnataka"
"Svastha Hospital ( A Unit Of Jmp Health 
Care Llp)",BANGALORE,KARNATAKA,3.6,1660,
T.R.Hospital,Bangalore,KARNATAKA,2.7,110,"VHJM+7P Bengaluru, Karnataka"
The Life Plus Hospital,BANGALORE,KARNATAKA,4.6,1762,"XJGW+8R Bengaluru, Karnataka"
Trinity Hospital And Heart Foudation,BANGALORE,KARNATAKA,4.0,351,"WHVH+CP Bengaluru, Karnataka"
Udhbhava Hospital,Bangalore,KARNATAKA,2.8,220,"WGGX+7C Bengaluru, Karnataka"
V Care Hospital,Bangalore,KARNATAKA,2.9,627,"2H8W+9W Bengaluru, Karnataka"
V P Magnus Hospital-Bangalore,Bangalore,KARNATAKA,3.6,148,"3CR5+5F Nelamangala Town, Karnataka"
Vagus Superspeciality Hospital,BANGALORE,KARNATAKA,,,
Varalakshmi Hospital,Bangalore,KARNATAKA,4.2,285,"WJF8+RR Bengaluru, Karnataka"
Vasavi Hospital,BANGALORE,KARNATAKA,4.7,6622,"WH36+75 Bengaluru, Karnataka"
Vijayanagar Hospital,BANGALORE,KARNATAKA,4.5,2027,"XGCP+MV Bengaluru, Karnataka"
Vijayashree Hospitals (Jigani),Bangalore,KARNATAKA,4.4,1044,"QJHV+HP Jigani, Karnataka"
Vikram Hospital Bengaluru Pvt Ltd,BANGALORE,KARNATAKA,3.5,25,
Vinayaka Hospital (Bangalore),BANGALORE,KARNATAKA,4.1,664,"WGQX+2Q Bengaluru, Karnataka"
Vivekananda Hospital(Bannerghatta),Bangalore,KARNATAKA,3.1,96,"WJ22+2G Bengaluru, Karnataka"
Yashomati Hospitals Pvt Ltd,BANGALORE,KARNATAKA,,,
"Zion Hospitals And Research Centre Pvt 
Ltd",Bangalore,KARNATAKA,3.7,697,"2J7P+X6 Bengaluru, Karnataka"
"Apollo Specialty Hospital(Apollo Hospitals 
Enterprises Ltd) Jayanagar",BANGALORE,KARNATAKA,4.7,10360,"WHPM+JP Bengaluru, Karnataka"
"Apollo Hospital (A Unit Of Apollo Hospital 
Enterprises Ltd.)",BANGALORE,KARNATAKA,4.7,19353,"VHWX+G7 Bengaluru, Karnataka"
Sri Ram Hospital,BANGALORE,KARNATAKA,4.7,1894,"2M5V+FH Bengaluru, Karnataka"
Gangothri Hospital,BANGALORE,KARNATAKA,2.1,230,"WJ87+HG Bengaluru, Karnataka"
Marvel Multispecialty Hospital,BANGALORE,KARNATAKA,4.2,1035,"WJGP+59 Bengaluru, Karnataka"
Sreenagar Hospital,BANGALORE,KARNATAKA,3.4,53,"WHV4+P4 Bengaluru, Karnataka"
HK Hospital,BANGALORE,KARNATAKA,4.0,147,"WF5H+C9 Bengaluru, Karnataka"
Manjunath Hospital,BANGALORE,KARNATAKA,3.9,198,"WHXV+8H Bengaluru, Karnataka"
Manjushree Hospital,BANGALORE,KARNATAKA,4.4,129,"XJM6+2X Bengaluru, Karnataka"
Radhakrishna Multispeciality Hospital,BANGALORE,KARNATAKA,4.0,548,"WGRW+96 Bengaluru, Karnataka"
Life Care Hospital,BANGALORE,KARNATAKA,4.4,2044,"WJ97+P5 Bengaluru, Karnataka"
Vijayshree Hospital,BANGALORE,KARNATAKA,3.2,355,"VH5Q+4P Bengaluru, Karnataka"
Vimalalaya Hospital,BANGALORE,KARNATAKA,3.3,566,"RMMJ+X4 Bengaluru, Karnataka"
Ayurvaid Hospitals,BANGALORE,KARNATAKA,4.6,759,"WJ8P+HG Bengaluru, Karnataka"
Sri Lakshmi Multispecialty Hospital,BANGALORE,KARNATAKA,4.5,570,
Mamatha Hospital,BANGALORE,KARNATAKA,3.0,85,"WHCR+5W Bengaluru, Karnataka"
Blossom Multispecialty Hospital,BANGALORE,KARNATAKA,3.4,8,"VMC5+5Q Bengaluru, Karnataka"
Rajshekar Hospital,BANGALORE,KARNATAKA,4.2,951,"WH6H+CV Bengaluru, Karnataka"
People Tree Hospitals (Raghavendra),BANGALORE,KARNATAKA,4.6,2239,"2GR8+X6 Bengaluru, Karnataka"
Specialist Hospital,BANGALORE,KARNATAKA,4.4,6565,"2J8V+Q7 Bengaluru, Karnataka"
Krishna Hospital,BANGALORE,KARNATAKA,3.3,94,"VHJX+95 Bengaluru, Karnataka"
Neighbourhood Hospital Pvt Ltd,BANGALORE,KARNATAKA,3.6,490,"VHQJ+QR Bengaluru, Karnataka"
Ramaiah Leena Hospital,BANGALORE,KARNATAKA,3.9,183,"6PV7+37 Devanahalli, Southegowdanahalli, Karnataka"
SSNMC Super Specialty Hospital,BANGALORE,KARNATAKA,,,
Tathagat Heart Care Centre And Hospital,BANGALORE,KARNATAKA,4.2,33,"XHPJ+44 Bengaluru, Karnataka"
Shettys Hospital,BANGALORE,KARNATAKA,3.8,95,"VJXC+8H Bengaluru, Karnataka"
Family Hospital,BANGALORE,KARNATAKA,3.2,67,"2HJ5+W9 Bengaluru, Karnataka"
Astra Super Speciality Hospital,BANGALORE,KARNATAKA,4.8,8332,"VHR7+88 Bengaluru, Karnataka"
NDR Hospital,BANGALORE,KARNATAKA,3.7,258,"3HWH+8P Bengaluru, Karnataka"
Shreya Hospital,BANGALORE,KARNATAKA,4.1,726,"WFCM+H7 Bengaluru, Karnataka"
Bhagwan Mahaveer Jain Hospital,BANGALORE,KARNATAKA,4.5,6220,"XHRW+J2 Bengaluru, Karnataka"
Rajmahal Vilas Hospital,BANGALORE,KARNATAKA,3.7,350,"2HJG+WQ Bengaluru, Karnataka"
Divakars Speciality Hospital,BANGALORE,KARNATAKA,4.6,813,"WH6R+2X Bengaluru, Karnataka"
AV Multispeciality Hospital,BANGALORE,KARNATAKA,3.9,580,"WGMR+3C Bengaluru, Karnataka"
R K Hospital,BANGALORE,KARNATAKA,4.0,766,"WHPM+H8 Bengaluru, Karnataka"
Hamilton Bailey Hospital,BANGALORE,KARNATAKA,4.0,161,"WJ2X+8F Bengaluru, Karnataka"
Abhayahasta Multispeciality Hospital,BANGALORE,KARNATAKA,3.6,1150,"XMPC+5X Bengaluru, Karnataka"
"Bangalore Surgical And Orthopaedic 
Hospital",BANGALORE,KARNATAKA,4.2,275,"2JCQ+MC Bengaluru, Karnataka"
Comfort Multispeciality Hospital,BANGALORE,KARNATAKA,3.5,642,"XMJH+MX Bengaluru, Karnataka"
Janapriya Hospital,BANGALORE,KARNATAKA,3.3,257,"2J5V+JC Bengaluru, Karnataka"
"Kanva Multispeciality Hospital (Kanva Sri 
Sai Hospital)",BANGALORE,KARNATAKA,4.6,1263,"2G9Q+2P Bengaluru, Karnataka"
Motherhood Hospital,BANGALORE,KARNATAKA,4.9,112,"3J7X+J5 Bengaluru, Karnataka"
Best Hospital,BANGALORE,KARNATAKA,4.6,4792,"XHQV+7P Bengaluru, Karnataka"
Aster RV Hospital,BANGALORE,KARNATAKA,4.8,13479,"WH6P+83 Bengaluru, Karnataka"
Aaxis Hospital,BANGALORE,KARNATAKA,3.7,945,"2Q44+CP Bengaluru, Karnataka"
Pavan Hospital,BANGALORE,KARNATAKA,4.2,200,"3HXW+6F Bengaluru, Karnataka"
Motherhood Hospital,BANGALORE,KARNATAKA,4.9,112,"3J7X+J5 Bengaluru, Karnataka"
HBS Hospital,BANGALORE,KARNATAKA,3.5,361,"XJQ3+PF Bengaluru, Karnataka"
Athreya Hospital,BANGALORE,KARNATAKA,3.9,1114,"QPV4+RP Bengaluru, Karnataka"
Pinnacle Hospital,BANGALORE,KARNATAKA,3.0,1,"WHFC+86 Bengaluru, Karnataka"
Prakriya Hospital,BANGALORE,KARNATAKA,4.4,3513,"2GW4+CJ Bengaluru, Karnataka"
Chiraayu Hospital,BANGALORE,KARNATAKA,4.6,237,"2H5V+PX Bengaluru, Karnataka"
Atreum Hospital,BANGALORE,KARNATAKA,4.7,2154,"WGJ8+X8 Bengaluru, Karnataka"
Leelavatti Multispeciality Hospital,BANGALORE,KARNATAKA,4.0,185,"XH59+R4 Bengaluru, Karnataka"
Mtb Orthopaedic And Trauma Hospital,BANGALORE,KARNATAKA,4.2,152,
Digvijaya Hospital,BANGALORE,KARNATAKA,3.6,96,"WHHG+VH Bengaluru, Karnataka"
Somayaji Hospital,BANTWAL,KARNATAKA,3.2,69,"V2JJ+XQ Mangaluru, Karnataka"
Arogya Chidren'S Hospital,Belgaum,KARNATAKA,3.2,71,"VG55+MJ Belagavi, Karnataka"
Arogya Women'S Hospital,Belgaum,KARNATAKA,4.9,86,"RGV5+J5 Belagavi, Karnataka"
"Kles Dr.Prabhakar Kore Hospital And 
Medical Research Centre.",Belgaum,KARNATAKA,3.7,1056,"VGQ9+7V Belagavi, Karnataka"
Vijaya Hospital(Belgum),Belgaum,KARNATAKA,3.3,36,"VGF7+MP Belagavi, Karnataka"
Dakshata Hospital,BELGUAM,KARNATAKA,2.4,7,"RGM3+MP Belagavi, Karnataka"
Yash Hospital Critical Care Centre,BELGUAM,KARNATAKA,3.4,65,"VG29+X8 Belagavi, Karnataka"
"BHS Lakeview Heart & Super Speciality 
Hospital",BELGUAM,KARNATAKA,3.3,75,"RGR5+XV Belagavi, Karnataka"
Venugram Hospital,BELGUAM,KARNATAKA,4.2,414,"RFGW+8X Belagavi, Karnataka"
"Belgaum College Road Multispeciality 
Hospital",BELGUAM,KARNATAKA,4.6,178,"VG65+V2 Belagavi, Karnataka"
Jindal Sanjeevani Hospital,BELLARY,KARNATAKA,3.6,270,"5MW5+GH Shankar Hill Town, Karnataka"
Sree Thirumala Hospital,Bellary,KARNATAKA,3.0,6,"5W5Q+G5 Ballari, Karnataka"
SR Multispeciality Hospital Subba Rao,BELLARY,KARNATAKA,4.3,218,"4WW3+JM Ballari, Karnataka"
Prayavi Hospital,Bidar,KARNATAKA,3.1,46,
Sai Preet Bhalke Vydehi Hospital,BIDAR,KARNATAKA,3.8,189,"WG95+F6 Bidar, Karnataka"
"Shree Hospital Trauma Neuro And 
Critical Care",BIDAR,KARNATAKA,3.8,129,"WG96+P4 Bidar, Karnataka"
R.K.Choudhary Hospital,Bijapur,KARNATAKA,3.8,124,"RPJH+4P Vijayapura, Karnataka"
"Shri Ganpatlal Agarwal Memorial Ayush 
Multispeciality Hospital And Research",Bijapur,KARNATAKA,3.9,193,"RP5G+9G Vijayapura, Karnataka"
"Yashodhara Super Specialty Hospital Pvt 
Ltd",BIJAPUR,KARNATAKA,3.5,35,"VPGC+42 Vijayapura, Karnataka"
Akki Hospital,BIJAPUR,KARNATAKA,3.4,36,
Srushti Hospital,BINAGA,KARNATAKA,3.6,300,"VJXC+67 Bengaluru, Karnataka"
JSS Hospital,CHAMRAJNAGAR,KARNATAKA,3.1,95,
Annapurna Hospital,CHICKMANGALORE,KARNATAKA,4.8,298,"8Q6C+M2 Chikkamagaluru, Karnataka"
Jeevan Hospital,CHICKMANGALORE,KARNATAKA,3.8,10,"H247+Q2 Kadur, Karnataka"
Holy Cross Hospital,CHIKMAGALAUR,KARNATAKA,3.5,113,"8RQ3+99 Chikkamagaluru, Karnataka"
KRS Multispeciality Hospital Pvt Ltd,CHIKMAGALAUR,KARNATAKA,4.2,159,"8QJF+GW Chikkamagaluru, Karnataka"
Ashraya Hospital (Naidu Street),Chikmaglur,KARNATAKA,4.5,2044,"8Q8F+85 Chikkamagaluru, Karnataka"
P. V. S. Hospital,Chitradurga,KARNATAKA,3.7,3,
Patanjali Hospital.,Chitradurga,KARNATAKA,4.4,77,"6CF2+F5 Chitradurga, Karnataka"
Deccan Hospital,CHITRADURGA,KARNATAKA,4.5,11,
City Central Hospital Pvt Ltd,Davangere,KARNATAKA,3.2,235,"FW69+3G Davanagere, Karnataka"
Soukhyada Hospital,DAVANGERE,KARNATAKA,4.8,2338,"FW59+CF Davanagere, Karnataka"
Srushti Speciality Hospital,DAVANGERE,KARNATAKA,4.4,67,"CWQF+43 Davanagere, Karnataka"
Sanjeevini Hospital,DAVANGERE,KARNATAKA,3.6,22,
Shreeya Hospital (Dharwad),Dharwad,KARNATAKA,3.4,158,"F254+VR Dharwad, Karnataka"
Shri Krishna Children Hospital,Dharwad,KARNATAKA,3.1,9,"FX2V+89 Dharwad, Karnataka"
"Sri Dharmasthala Manjunatheshwara 
College Of Medical Sciences And Hospital",Dharwad,KARNATAKA,4.1,3019,"C392+92 Sattur Colony, Dharwad, Karnataka"
Spandana Hospital,DHARWAD,KARNATAKA,3.4,77,"F222+6W Dharwad, Karnataka"
Sukh Shanti Super Speciality Hospital S4,GOKAK,KARNATAKA,4.1,38,"5R7V+XX Gokak, Karnataka"
Sri Sai Krupa Hospital(Gulbarga),Gulbarga,KARNATAKA,3.5,4,
Vaatsalya Life Hospital,GULBARGA,KARNATAKA,3.3,70,"8RGJ+7H Kalaburagi, Karnataka"
Medicare Multispeciality Hospital,GULBARGA,KARNATAKA,3.0,78,"8RPV+VM Kalaburagi, Karnataka"
Patil Hospital,GULBARGA,KARNATAKA,4.3,22,"8RMQ+WQ Kalaburagi, Karnataka"
Hemavathi Hospital,Hassan,KARNATAKA,3.2,83,"236W+5R Hassan, Karnataka"
Janapriya Hospital And Research Centre,HASSAN,KARNATAKA,3.9,614,"2434+MP Hassan, Karnataka"
Mangala Hospital,HASSAN,KARNATAKA,,314,"2435+W3 Hassan, Karnataka"
"Mani Speciality Hospital And Research 
Institute",Hassan,KARNATAKA,,,
Nagesh Hospital,Hassan,KARNATAKA,,,
Sparsh Hospital,HASSAN,KARNATAKA,,,
Manjunatha Hospital,HASSAN,KARNATAKA,,,
Sanjeevini Cooperative Hospital,HASSAN,KARNATAKA,,,
Dipali Hospital,Hospet,KARNATAKA,,,
Citi Hospital,HOSPET,KARNATAKA,,,
Hebsur Hospital,Hubli,KARNATAKA,,,
Jaypriya Hospital,HUBLI,KARNATAKA,,,
"Kalghatgi Hospital A Unit Of 
Banashankari Hospitals Pvt Ltd",HUBLI,KARNATAKA,,,
Lifeline 24X7 Hi-Tech Icu And Hospital,HUBLI,KARNATAKA,,,
"Shakuntala Memorial Hospital And 
Reserach Centre",Hubli,KARNATAKA,,,
"Sushruta M. Sp. Hospital & Research 
Centre",HUBLI,KARNATAKA,,,
Ashok Hospital,HUBLI,KARNATAKA,,,
Dr Hiregoudar Multispeciality Hospital,HUBLI,KARNATAKA,,,
Hubli Superspecialty Hospital,HUBLI,KARNATAKA,,,
Shivakrupa Hospital & ICU Hubli,HUBLI,KARNATAKA,,,
Tatwadarsha Hospital,HUBLI,KARNATAKA,,,
Manvi Multispeciality Hospital,HUBLI,KARNATAKA,,,
Sanjeevini Speciality Hospital,HUBLI,KARNATAKA,,,
Ashoka Hospital,HUBLI,KARNATAKA,,,
Chirayu Hospital,KARWAR,KARNATAKA,,,
Dr Nukapur Hospital,Kolar,KARNATAKA,,,
Rathna Hospital,Kolar,KARNATAKA,,,
St Mary'S Hospital,Kolar,KARNATAKA,,,
Lakshmi Hospital Kolar,KOLAR,KARNATAKA,,,
Gsr Multispeciality Hospital,Koppal,KARNATAKA,,,
Sri Manjunatha Hospital,KUNDAPUR,KARNATAKA,3.8,66,
Vivus Hospital Pvt Ltd,Madikeri,KARNATAKA,3.8,66,
Pragathi Hospital,MANDYA,KARNATAKA,3.8,66,
S.D. Jayaram Hospital,Mandya,KARNATAKA,3.8,66,
Sanjo Hospital (Mandya),Mandya,KARNATAKA,3.8,66,
Vikram Hospital(Mandya),Mandya,KARNATAKA,3.8,66,
G Madegowda Superspeciality Hospital,MANDYA,KARNATAKA,3.8,66,
Aj Hospital And Research Centre,MANGALORE,KARNATAKA,3.8,66,
Athena Hospital,MANGALORE,KARNATAKA,3.8,66,
"City Hospital Research And Diagnostic 
Centre",MANGALORE,KARNATAKA,3.8,66,
Father Muller Medical College Hospital,MANGALORE,KARNATAKA,3.8,66,
KMC Hospital (Attavar),MANGALORE,KARNATAKA,3.8,66,
KMC Hospital Mangalore,MANGALORE,KARNATAKA,3.8,66,
Tejasvini Hospital And Ssiot (Mangalore),MANGALORE,KARNATAKA,3.8,66,
Tara Hospital,MANGALORE,KARNATAKA,3.8,66,
Indira Hospital,MANGALORE,KARNATAKA,3.8,66,
Unity Hospital,MANGALORE,KARNATAKA,3.8,66,
Sorake Chandra Shekar Hospitals (SCS),MANGALORE,KARNATAKA,3.8,66,
JSS Hospital,MYSORE,KARNATAKA,,,
"Annapoorna Orthopaedic And Speciality 
Hospital",Mysore,KARNATAKA,5.0,13,
Basappa Memorial Hospital,Mysore,KARNATAKA,3.7,51,"8JCC+82 Mysuru, Karnataka"
Apollo BGS Hospital(Mysore),MYSORE,KARNATAKA,4.9,35058,"7JWM+92 Mysuru, Karnataka"
Bhanavi Hospital,MYSORE,KARNATAKA,4.2,950,"7JVG+4V Mysuru, Karnataka"
"Bharath Hospital And Institute Of 
Oncology",MYSORE,KARNATAKA,4.7,1709,"9J35+75 Mysuru, Karnataka"
Columbia Asia Hospitals(Mysore),MYSORE,KARNATAKA,4.7,6991,"8MX6+X3 Mysuru, Karnataka"
"Gopala Gowda Shanthaveri Memorial 
Hospital( Nazarbad Medical Services Pvt 
L",MYSORE,KARNATAKA,4.4,607,
Holy Cross Hospital,MYSORE,KARNATAKA,3.9,530,"46HM+VG Kollegala, Karnataka"
Kamakshi Hospital,MYSORE,KARNATAKA,3.0,445,"7JXF+WF Mysuru, Karnataka"
Karuna Hospital(Mysore),Mysore,KARNATAKA,3.8,55,"7JHG+W4 Mysuru, Karnataka"
"Narayana Hrudayalaya Surgical Hospital 
Pvt Ltd",MYSORE,KARNATAKA,4.9,31230,"8MWF+36 Mysuru, Karnataka"
New Priyadarshini Hospital,Mysore,KARNATAKA,4.3,79,"8JRM+R8 Mysuru, Karnataka"
River View Hospital,Mysore,KARNATAKA,,,"8JW9+GF Mysuru, Karnataka"
St Joseph'S Hospital(Mysore),Mysore,KARNATAKA,4.2,370,
Vidyaranya Hospital Pvt Ltd,Mysore,KARNATAKA,3.4,63,"7JQX+FR Mysuru, Karnataka"
Shakthi Hill View Hospital,MYSORE,KARNATAKA,3.8,58,"8M2V+J8 Mysuru, Karnataka"
Chandrakala Hospital,MYSORE,KARNATAKA,2.8,134,"8JG9+7R Mysuru, Karnataka"
Sigma Hospital,MYSORE,KARNATAKA,4.7,3196,"8J2F+4J Mysuru, Karnataka"
Sundargiri Hospital,MYSORE,KARNATAKA,5.0,1,"4M9H+QX Nanjangud, Karnataka"
Aishwarya Hospital,MYSORE,KARNATAKA,3.2,160,"8JF5+7P Mysuru, Karnataka"
Brindavan Hospital,MYSORE,KARNATAKA,4.2,879,"8JFG+6Q Mysuru, Karnataka"
Amrita Kripa Hospital,MYSORE,KARNATAKA,4.1,83,"7HRM+X4 Mysuru, Karnataka"
Krishna Hospital,NANJANGUD,KARNATAKA,4.8,938,"4M8G+HW Nanjangud, Karnataka"
Arogya Bharthi Hospital Karnataka,NELAMANGALA,KARNATAKA,3.1,24,
Chetana Hospital,PUTTUR,KARNATAKA,2.6,14,
Abhi Hospital,Ramanagra,KARNATAKA,4.5,20,"Q72M+3P Hallimala, Karnataka"
Bgs Global Hospital(Ramanagara),Ramanagra,KARNATAKA,4.5,63,"P7JH+89 Rayaradoddi, Karnataka"
Nayana Hospital (Shimoga),SHIMOGA,KARNATAKA,3.7,57,"RPW4+HQ Bhadravathi, Karnataka"
Sri Basaveswara Hospital,SHIMOGA,KARNATAKA,4.9,598,"WHPF+Q9 Shivamogga, Karnataka"
Subbaiah Hospital,SHIMOGA,KARNATAKA,2.8,47,
"Subbaiah Medical College Hospital And 
Research Centre (Shivamogga)",Shimoga,KARNATAKA,3.6,43,"WJM8+8J Shivamogga, Karnataka"
Maax Super Speciality Hospital,SHIMOGA,KARNATAKA,3.9,1438,"WHQC+6M Shivamogga, Karnataka"
Ashoka Sanjeevini Hospital,SHIMOGA,KARNATAKA,4.4,432,"WHMM+23 Shivamogga, Karnataka"
Marikamba Hospital,SIRSI,KARNATAKA,3.1,36,
Melige Hospital,TIRTHAHALLI,KARNATAKA,3.6,46,
Bharathi Hospital,TUMKUR,KARNATAKA,4.2,113,"84Q5+VX Tumakuru, Karnataka"
Charaka Hospital,Tumkur,KARNATAKA,4.3,24,"84P8+WV Tumakuru, Karnataka"
Doddamane Hospital,Tumkur,KARNATAKA,,84,"84Q6+V9 Tumakuru, Karnataka"
Dr K Narasimhaiah Hospital,TUMKUR,KARNATAKA,4.1,28,"83PW+GV Tumakuru, Karnataka"
Dr. Thammaiah Hospital,Tumkur,KARNATAKA,3.3,27,
Kasturba Hospital Tumkur,TUMKUR,KARNATAKA,4.8,803,"84J7+W5 Tumakuru, Karnataka"
Shridevi Hospital,TUMKUR,KARNATAKA,3.4,78,"84Q3+PR Tumakuru, Karnataka"
Vijaya Hospital (Kunigal Road),TUMKUR,KARNATAKA,2.5,19,"83MW+29 Tumakuru, Karnataka"
Vinayaka Hospital Tumkur,TUMKUR,KARNATAKA,4.6,1043,"84P9+Q5 Tumakuru, Karnataka"
Sree Siddaganga Hospitals Pvt Ltd,TUMKUR,KARNATAKA,4.0,884,"84Q8+72 Tumakuru, Karnataka"
MM Multispecialty Hospital,TUMKUR,KARNATAKA,4.3,126,
B Siddaramanna Hospital,TUMKUR,KARNATAKA,3.7,45,"84P2+5M Tumakuru, Karnataka"
Surya Hospital,TUMKUR,KARNATAKA,4.0,51,"83RW+8R Tumakuru, Karnataka"
THS Superspeciality Hospital,TUMKUR,KARNATAKA,3.1,105,"83RV+VQ Tumakuru, Karnataka"
Aruna Hospital Tumkur,TUMKUR,KARNATAKA,4.2,406,"84P5+XF Tumakuru, Karnataka"
Sukrutha Hospital,TUMKUR,KARNATAKA,4.7,18,"848G+VR Tumakuru, Karnataka"
Nandi Hospital,TUMKUR,KARNATAKA,,,
Madilu Hospital,TUMKUR,KARNATAKA,3.0,117,"84Q6+XC Tumakuru, Karnataka"
Sarvodaya Multi Speciality Hospital,TUMKUR,KARNATAKA,3.3,13,
Adarsha Hospital,UDUPI,KARNATAKA,4.5,3784,"8PRW+2X Udupi, Karnataka"
City Hospital ( Udupi),UDUPI,KARNATAKA,4.0,161,"8PQW+MH Udupi, Karnataka"
"Hitech Medicare Hospitaland Research 
Centre",UDUPI,KARNATAKA,4.5,1290,"8PQP+4R Udupi, Karnataka"
Kasturba Hospital (Udipi),Udupi,KARNATAKA,3.7,1715,"9Q3Q+6M Manipal, Karnataka"
Mitra Hospital,UDUPI,KARNATAKA,3.7,111,
Vinaya Hospital,UDUPI,KARNATAKA,3.4,81,"JMHR+79 Kundapura, Karnataka"
Karothukuzhi Hospital Pvt Ltd,Aluva,KERALA,3.4,265,"4942+4C Aluva, Kerala"
National Hospital (Calicut),CALICUT,KERALA,3.9,592,"7Q5J+HF Kozhikode, Kerala"
Pvs Hospital,CALICUT,KERALA,3.9,1047,"6QVM+36 Kozhikode, Kerala"
Meitra Hospital,CALICUT,KERALA,4.5,4031,"8Q2G+P3 Kozhikode, Kerala"
Koyas Hospital,CALICUT,KERALA,3.3,289,"5RPH+XV Cheruvannur, Kerala"
PS Mission Hospital,COCHIN,KERALA,4.0,511,"W8QF+43 Kochi, Kerala"
"Bharath Rural Hospital And Trining 
Centre",ERNAKULAM,KERALA,3.6,40,
Lakeshore Hospital And Research Centre,ERNAKULAM,KERALA,4.5,6400,"W899+HH Kochi, Kerala"
"Muvattupuzha Co-Operative Super 
Specialty Hospital & Research Centre 
LTD",ERNAKULAM,KERALA,3.7,149,"XHRQ+W8 Muvattupuzha, Kerala"
Cimar Cochin Hospital,ERNAKULAM,KERALA,4.5,687,"372W+HM Kochi, Kerala"
City Hospital,ERNAKULAM,KERALA,4.1,400,"X7JM+G9 Ernakulam, Kerala"
Tellicherry Co-Operative Hospital,KANNUR,KERALA,3.3,483,"QF7H+HV Thalassery, Kerala"
Ashoka Hospital,KANNUR,KERALA,2.8,47,"V9HF+2W Kannur, Kerala"
Dhanalakshmi Hospitals Pvt.Ltd,KANNUR,KERALA,2.8,427,"V9GJ+WW Kannur, Kerala"
Indira Gandhi Co-Operative Hospital,KANNUR,KERALA,3.7,827,"PGW4+QC Thalassery, Kerala"
Chaithanya Ent Hospital,KOCHI,KERALA,4.5,204,"X78W+GQ Kochi, Kerala"
Gautham Hospital,KOCHI,KERALA,4.6,1719,"W7W4+RC Kochi, Kerala"
Krishna Hospital ( Cochin),KOCHI,KERALA,3.6,203,"X7GP+24 Ernakulam, Kerala"
Rajagiri Hospital Kochi,KOCHI,KERALA,4.7,15543,"39QQ+27 Kochi, Kerala"
Specialists Hospital,KOCHI,KERALA,4.3,524,"X7RP+58 Kochi, Kerala"
VG Saraf Memorial Hospital,KOCHI,KERALA,4.3,301,"X76Q+J4 Kochi, Kerala"
Indira Gandhi Co-Operative Hospital,KOCHI,KERALA,4.0,873,"X79X+CF Kochi, Kerala"
Lisie Hospital,KOCHI,KERALA,3.6,2345,"X7QQ+F6 Ernakulam, Kerala"
Jacobs Hospital,KOCHI,KERALA,3.7,133,"W7P4+J6 Kochi, Kerala"
Kinder Multispeciality Hospital,KOCHI,KERALA,4.6,6027,"28Q8+8P Kochi, Kerala"
Dr Nairs Hospital,KOLLAM,KERALA,3.9,360,"VHWX+3H Kollam, Kerala"
Kims Kollam Multi Specialtiy Hospital,KOLLAM,KERALA,4.0,890,"VM7J+VG Kottiyam, Kerala"
Upasana Hospital,KOLLAM,KERALA,3.3,221,"VHQW+8P Kollam, Kerala"
Mitera Hospital,KOTTAYAM,KERALA,4.2,478,"JGXW+4X Ettumanoor, Kerala"
Kims Multispeciality Hospital (Kottayam),KOTTAYAM,KERALA,4.2,1120,"JGF9+F5 Kudamaloor, Kerala"
Asten Specialty Orthopaedic Hospital,KOZHIKODE,KERALA,4.3,537,"6VJ2+MH Pantheeramkavu, Kerala"
Baby Memorial Hospital,KOZHIKODE,KERALA,4.2,3523,"7Q6V+22 Kozhikode, Kerala"
Starcare Hospital Kozhikode Pvt Ltd,KOZHIKODE,KERALA,,,
Moulana Hospital,MALLAPURAM,KERALA,4.0,1154,"X6HG+VC Perinthalmanna, Kerala"
"Korambayil Hospital And Diagnostic 
Centre Pvt Ltd",MANJERI,KERALA,3.2,304,"44FG+48 Manjeri, Kerala"
Ahalia Diabets Hospital,Palakkad,KERALA,4.3,246,"QRRH+P2 Kozhippara, Kerala"
"Ananthapuri Hospitals And Research 
Institute","THIRUVANANTHAP
URAM",KERALA,4.1,1787,"FWPG+JW Thiruvananthapuram, Kerala"
Medicare Hospital,Thrissur,KERALA,4.3,464,"6652+3V Kodungallur, Kerala"
Daya General Hospital Limited,TRICHUR,KERALA,4.5,3573,"G6W7+CR Thrissur, Kerala"
"Gem Hospital And Research Centre 
(Thrissur)",TRICHUR,KERALA,4.4,377,"G6CP+5Q Thrissur, Kerala"
Craft Hospital And Research Centre,TRICHUR,KERALA,4.7,2809,"65MV+P9 Kodungallur, Kerala"
"Kims Multispeciality Hospital 
(Trivandrum)",TRIVANDRUM,KERALA,4.2,6584,"GW75+FP Thiruvananthapuram, Kerala"
"India Hospital(Unit Of Manhattan 
Hospital Pvt Ltd)",TRIVANDRUM,KERALA,4.4,154,"FXV2+4G Thiruvananthapuram, Kerala"
KJ Medical Trust Hospital,WAYANAND,KERALA,3.7,77,"J3JQ+3H Kalpetta, Kerala"
Asg Hospital Pvt Ltd (Bhopal),BHOPAL,MADHYA PRADESH,4.9,9789,"6CJJ+69 Bhopal, Madhya Pradesh"
Bansal Hospital,BHOPAL,MADHYA PRADESH,3.8,2237,"5CX9+QX Bhopal, Madhya Pradesh"
B.S.Sacklecha Hospital,Bhopal,MADHYA PRADESH,3.7,42,"5FF6+66 Bhopal, Madhya Pradesh"
Galaxy Hospital,Bhopal,MADHYA PRADESH,4.8,741,"5CCC+HW Bhopal, Madhya Pradesh"
"Ganga Multispeciality Hospital And 
Maternity Home",BHOPAL,MADHYA PRADESH,3.6,22,"4G45+7R Bhopal, Madhya Pradesh"
Gayatri Hospital And Trauma Centre,Bhopal,MADHYA PRADESH,4.0,152,"6FXQ+J8 Bhopal, Madhya Pradesh"
Noble Multi Speciality Hospital (Bhopal),Bhopal,MADHYA PRADESH,4.3,949,"5F6C+H9 Bhopal, Madhya Pradesh"
RJN Apollo Spectra Hospitals,GWALIOR,MADHYA PRADESH,4.7,6457,"659C+WH Gwalior, Madhya Pradesh"
Bimr Hospitals,GWALIOR,MADHYA PRADESH,3.6,758,"66P9+49 Gwalior, Madhya Pradesh"
Mansarovar Care Hospital,GWALIOR,MADHYA PRADESH,3.3,6,
Bhandari Hospital And Research Centre,INDORE,MADHYA PRADESH,4.7,3467,"QV3Q+3J Indore, Madhya Pradesh"
Bombay Hospital Indore,INDORE,MADHYA PRADESH,3.1,1367,"QW33+RC Indore, Madhya Pradesh"
Barod Hospital,INDORE,MADHYA PRADESH,2.6,128,"QV4H+F8 Indore, Madhya Pradesh"
Apollo Rajshree Hospital Pvt Ltd,INDORE,MADHYA PRADESH,4.4,19,"QV5M+4R Indore, Madhya Pradesh"
"Anand Hospital And Reserach Centre 
Pvt.Ltd(Indore)",INDORE,MADHYA PRADESH,4.2,290,"PV36+6H Indore, Madhya Pradesh"
"Apple Indore Hospital And Research 
Centre",INDORE,MADHYA PRADESH,4.3,1877,"MVV8+HJ Indore, Madhya Pradesh"
Convenient Hospitals Ltd,INDORE,MADHYA PRADESH,4.4,4684,"PVJQ+WP Indore, Madhya Pradesh"
Curewell Hospital Pvt Ltd,INDORE,MADHYA PRADESH,3.2,118,"PVGJ+JR Indore, Madhya Pradesh"
"Eureka Hospital And Research Centre Pvt 
Ltd",INDORE,MADHYA PRADESH,4.1,502,"PVFW+4G Indore, Madhya Pradesh"
Greater Kailash Hospital,INDORE,MADHYA PRADESH,3.1,204,"PVGQ+3Q New Palasia, Indore, Madhya Pradesh"
Global Sng Hospital,INDORE,MADHYA PRADESH,4.1,185,"PVCJ+4J Indore, Madhya Pradesh"
Gokuldas Hospital And Research Centre,INDORE,MADHYA PRADESH,3.6,425,"PV8G+JC Indore, Madhya Pradesh"
Life Care Hospital Indore,INDORE,MADHYA PRADESH,4.4,856,"QV6M+WJ Indore, Madhya Pradesh"
Mayur Hospital And Research Centre,INDORE,MADHYA PRADESH,3.0,183,"PWF4+W9 Indore, Madhya Pradesh"
Medi Square Super Speciality Hospital,INDORE,MADHYA PRADESH,4.6,657,"MVR7+6V Indore, Madhya Pradesh"
Mohak HiTech Speciality Hospital,INDORE,MADHYA PRADESH,4.1,164,"QRXV+FX Bhawrasla, Indore, Madhya Pradesh"
Noble Hospital And Intensive Care Unit,INDORE,MADHYA PRADESH,4.4,387,"MWRJ+27 Indore, Madhya Pradesh"
Sahaj Hospitals Pvt Ltd,INDORE,MADHYA PRADESH,4.6,543,"PV8G+P7 Indore, Madhya Pradesh"
Shalby Hospital Ltd. ( Indore ),INDORE,MADHYA PRADESH,4.7,11456,"PVHH+MM Indore, Madhya Pradesh"
Synergy Hospital,INDORE,MADHYA PRADESH,4.2,332,"QV5Q+CH Indore, Madhya Pradesh"
"Vedant Hospital(Vedant Medicare 
Pvt.Ltd)",INDORE,MADHYA PRADESH,2.9,90,"PV26+XQ Indore, Madhya Pradesh"
Retina Speciality Hospital,INDORE,MADHYA PRADESH,4.6,1599,"PVXW+8M Indore, Madhya Pradesh"
"Metro Hospital And Cancer Research 
Center",JABALPUR,MADHYA PRADESH,2.9,14,"5WPH+WC Jabalpur, Madhya Pradesh"
Life Medicity Hospital,JABALPUR,MADHYA PRADESH,4.1,350,"5WGF+GV Jabalpur, Madhya Pradesh"
Mewar Hospital Pvt Ltd (Mandsaur),MANDSAUR,MADHYA PRADESH,4.5,38,"339F+HP Mandsaur, Madhya Pradesh"
Mewar Hospital Pvt Ltd(Shehdol),SHAHDOL,MADHYA PRADESH,4.6,130,"79WC+5C Shahdol, Madhya Pradesh"
Mewar Hospital Pvt Ltd (Dhar),UJJAIN,MADHYA PRADESH,4.5,38,"339F+HP Mandsaur, Madhya Pradesh"
Mewar Hospital Pvt Ltd (Ujjain),UJJAIN,MADHYA PRADESH,3.9,38,"5QGR+CV Ujjain, Madhya Pradesh"
Aarogyam Agrawal Hospital,AHMEDNAGAR,MAHARASHTRA,2.9,181,"4P7J+FQ Ahmednagar, Maharashtra"
Balaji Paediatric And Dental Hospital,AHMEDNAGAR,MAHARASHTRA,4.0,70,"3PVP+HJ Ahmednagar, Maharashtra"
"Advanced ENT & Multispeciality Hospital 
Pvt Ltd",AURANGABAD,MAHARASHTRA,3.8,126,"V982+R2 Chhatrapati Sambhajinagar (Aurangabad), Maharashtra"
Apex Superspeciality Hospital,Aurangabad,MAHARASHTRA,3.7,322,"V8JW+FV Chhatrapati Sambhajinagar (Aurangabad), Maharashtra"
Sanjeevani Childrens Hospital,Aurangabad,MAHARASHTRA,4.3,118,"V8FP+WC Chhatrapati Sambhajinagar (Aurangabad), Maharashtra"
Giriraj Hospital,Baramati,MAHARASHTRA,,,
Bhatwal Surgical And Maternity Hospital,DHULE,MAHARASHTRA,5.0,3,"VQPC+CW Dhule, Maharashtra"
Bhirud Hospital,JALGAON,MAHARASHTRA,,,
Ruby Hospital & Critical Care,JALGAON,MAHARASHTRA,3.6,46,"2H35+2F Jalgaon, Maharashtra"
Warkad Hospital,JALNA,MAHARASHTRA,4.1,88,"VV5Q+F9 Jalna, Maharashtra"
Shri Samarth Hospital,JALNA,MAHARASHTRA,4.8,120,"RVRQ+H7 Jalna, Maharashtra"
The Kalyan Hospital,KALYAN,MAHARASHTRA,,,
City Criticare Hospital,KALYAN,MAHARASHTRA,3.9,255,"64RV+9Q Kalyan, Maharashtra"
"Dr CB Vaidya Memorial Hospital(M/S S S 
Vaidhya Health Care Centre)",KALYAN,MAHARASHTRA,3.2,73,
Shivam Hospital (Dombivili),KALYAN,MAHARASHTRA,,,
Spectrum Hospital(Thane),KALYAN,MAHARASHTRA,3.0,1,"64WH+53 Mumbai, Maharashtra"
Star City Multispeciality Hospital Pvt Ltd,KALYAN,MAHARASHTRA,3.2,51,"64FG+RF Kalyan East, Pisavli Village, Maharashtra"
Saanvi Ent Hospital,KALYAN,MAHARASHTRA,4.2,162,"743P+7G Kalyan West, Kalyan, Maharashtra"
Sai Swastik Multispeciality Hospital,KALYAN,MAHARASHTRA,3.6,36,"648R+Q5 Chinchpada Gaon, Kalyan, Maharashtra"
"Shree Sadguru Krupa Accident Fracture 
Hospital",KALYAN,MAHARASHTRA,3.5,95,
Ankur Multispecialty Hospital,KALYAN,MAHARASHTRA,4.2,125,"64QR+P5 Kalyan, Maharashtra"
Prathamesh Hospital,KALYAN,MAHARASHTRA,4.9,17,
Lifecare Hospital,KALYAN,MAHARASHTRA,3.4,18,"64FF+HP Kalyan, Maharashtra"
Krishna Lila Hospital,KALYAN,MAHARASHTRA,4.3,92,"645M+FG Kalyan, Maharashtra"
"Global Healthcare Orthopedics and 
Gynecology Hospital",Kamothe,MAHARASHTRA,,,
Aster Aadhar Hospital,KOLHAPUR,MAHARASHTRA,,,
"Rukade Fracture, Accident And 
Orthopaedic Hospital",Kolhapur,MAHARASHTRA,,,
Kokilaben Dhirubhai Ambani Hospital,MUMBAI,MAHARASHTRA,3.5,2699,"4RJG+G2 Mumbai, Maharashtra"
Sarla Hospital And ICU,MUMBAI,MAHARASHTRA,4.1,115,"3RPP+8P Mumbai, Maharashtra"
Criticare Hospital And Research Centre,MUMBAI,MAHARASHTRA,4.5,5432,"4V92+66 Mumbai, Maharashtra"
Mallika Hospital,Mumbai,MAHARASHTRA,4.5,748,"4RPW+XM Mumbai, Maharashtra"
National Hospital,MUMBAI,MAHARASHTRA,3.0,32,"6VJ6+GJ Mumbai, Maharashtra"
"Bombay Hospital And Medical Research 
Centre",MUMBAI,MAHARASHTRA,3.9,1087,"WRRG+CX Mumbai, Maharashtra"
Sl Raheja Fortis Hospital,MUMBAI,MAHARASHTRA,4.8,5697,"2RWV+G3 Mumbai, Maharashtra"
Joy Hospital Pvt Ltd,MUMBAI,MAHARASHTRA,3.1,150,"3V4W+9W Mumbai, Maharashtra"
"Sanjeevani Surgical And General Hospital 
( Malad )",MUMBAI,MAHARASHTRA,4.4,1377,"5VM3+R4 Mumbai, Maharashtra"
Dhanwantry Hospital And Iccu,MUMBAI,MAHARASHTRA,4.7,6,"4WXH+37 Mumbai, Maharashtra"
"Shree Sai Clinic And Late Parvati Shankar 
Rao Chavan Memorial Hospital",Mumbai,MAHARASHTRA,4.7,1071,"5R9V+8W Mumbai, Maharashtra"
"Surana Sethia Hospital And Research 
Centre",Mumbai,MAHARASHTRA,4.5,2023,"3V3P+CR Mumbai, Maharashtra"
Sumangal Hospital,Mumbai,MAHARASHTRA,4.3,76,"6R2H+R5 Mumbai, Maharashtra"
Riddhi Siddhi Hospital Pvt Ltd,MUMBAI,MAHARASHTRA,3.6,58,"7VQ8+P6 Mira Bhayandar, Maharashtra"
Hira Mongi Navneet Hospital,MUMBAI,MAHARASHTRA,4.1,934,"5XC2+C3 Mumbai, Maharashtra"
Parakh Hospital,MUMBAI,MAHARASHTRA,,,
Sterling Wockhardt Hospital,MUMBAI,MAHARASHTRA,4.0,1,"3X9P+WW Navi Mumbai, Maharashtra"
Bhatia General Hospital,MUMBAI,MAHARASHTRA,4.1,947,"XR87+78 Mumbai, Maharashtra"
"Life Line Hospital And Medical Research 
Centre",MUMBAI,MAHARASHTRA,4.5,566,"5RRX+35 Mumbai, Maharashtra"
Sanjeevani Hospital( Andheri),MUMBAI,MAHARASHTRA,4.5,324,"4R8X+Q2 Mumbai, Maharashtra"
"Dr Voras Premature Care Unit And 
General Hospital",MUMBAI,MAHARASHTRA,4.6,35,"6R5R+5X Mumbai, Maharashtra"
Sushrut Hospital And Research Centre,MUMBAI,MAHARASHTRA,4.3,1552,"3V4Q+JR Mumbai, Maharashtra"
Kohinoor Hospital Pvt Ltd,MUMBAI,MAHARASHTRA,4.6,5034,"3VGP+CF Mumbai, Maharashtra"
Dr Balabhai Nanavati Hospital,MUMBAI,MAHARASHTRA,4.2,2266,"3RWR+94 Mumbai, Maharashtra"
Dr Das Hospital,MUMBAI,MAHARASHTRA,4.6,225,"3V5X+VW Mumbai, Maharashtra"
Aditi Hospital,MUMBAI,MAHARASHTRA,4.8,2968,"5WCX+QC Mumbai, Maharashtra"
The Childrens Hospital,MUMBAI,MAHARASHTRA,3.7,426,"5RRM+6X Mumbai, Maharashtra"
Godrej Memorial Hospital,MUMBAI,MAHARASHTRA,4.0,700,"4W3G+GW Mumbai, Maharashtra"
Saarthi Hospital,Mumbai,MAHARASHTRA,4.7,258,"4WWM+PW Mumbai, Maharashtra"
"Modi General Hospital And I.C.C.U ( 
Vikhroli )",MUMBAI,MAHARASHTRA,3.7,30,"4W8J+94 Mumbai, Maharashtra"
Prince Aly Khan Hospital,MUMBAI,MAHARASHTRA,3.9,739,
Platinum Hospitals,MUMBAI,MAHARASHTRA,4.2,720,"5XM3+3J Mumbai, Maharashtra"
Fortis Hospital Limited Mulund,MUMBAI,MAHARASHTRA,4.6,8730,"5W6R+MQ Mumbai, Maharashtra"
Fortis Hospital Limited Kalyan,MUMBAI,MAHARASHTRA,4.7,4879,"64PF+X9 Kalyan, Maharashtra"
Dr. Rane Hospital,Mumbai,MAHARASHTRA,4.6,806,"3W93+QG Mumbai, Maharashtra"
Dr Bothra S Hospital,MUMBAI,MAHARASHTRA,4.5,21,"5W3J+78 Mumbai, Maharashtra"
Sahayog Hospital (Virar),MUMBAI,MAHARASHTRA,3.5,161,"CRW3+QP Virar, Maharashtra"
"Rg Stone Urology And Laparoscopy 
Hospital Andheri",Mumbai,MAHARASHTRA,4.2,124,"4RPP+MH Mumbai, Maharashtra"
"Divine Multispeciality Hospital And 
Research Centre",MUMBAI,MAHARASHTRA,4.0,82,"42C3+65 Navi Mumbai, Maharashtra"
Shah Children Hospital,MUMBAI,MAHARASHTRA,4.6,124,"4WWH+6G Mumbai, Maharashtra"
Vardhaman Hospital & ICCU,MUMBAI,MAHARASHTRA,5.0,5,"5W2M+9J Mumbai, Maharashtra"
Platinum Hospital Pvt Ltd,MUMBAI,MAHARASHTRA,4.2,720,"5XM3+3J Mumbai, Maharashtra"
Apollo Hospitals Enterprise Limited,MUMBAI,MAHARASHTRA,4.7,20442,"22CH+7J Navi Mumbai, Maharashtra"
Zen Multispeciality Hospital,MUMBAI,MAHARASHTRA,4.5,3103,"3V4W+9P Mumbai, Maharashtra"
Galaxy Criticare Hospital,MUMBAI,MAHARASHTRA,3.0,74,"63FM+4R Mumbai, Maharashtra"
Oscar Multispeciality Hospital,MUMBAI,MAHARASHTRA,3.5,370,"6R3H+C5 Mumbai, Maharashtra"
Apollo Spectra Hospitals Chembur,MUMBAI,MAHARASHTRA,4.6,4063,
Zenith Hospital (Mumbai),Mumbai,MAHARASHTRA,3.7,616,"5RWM+2J Mumbai, Maharashtra"
Shri Balchikitsalaya Hospital,MUMBAI,MAHARASHTRA,4.4,127,"4WWJ+XJ Mumbai, Maharashtra"
Srv Hospital,MUMBAI,MAHARASHTRA,4.1,1230,"5R5X+HM Mumbai, Maharashtra"
Aastha Hospital (Mumbai),MUMBAI,MAHARASHTRA,4.6,407,"6V52+33 Mumbai, Maharashtra"
Aditi Hospital Mulund,MUMBAI,MAHARASHTRA,4.8,2968,"5WCX+QC Mumbai, Maharashtra"
Ananda Hospital,MUMBAI,MAHARASHTRA,4.2,111,"4RGW+XQ Mumbai, Maharashtra"
Apex Hospital (Mulund),Mumbai,MAHARASHTRA,4.6,1940,"5WJR+9X Mumbai, Maharashtra"
"Apollo Spectra Hospitals (Apollo 
Speciality Hospitals Private Ltd)",MUMBAI,MAHARASHTRA,4.7,4388,"XRC7+7R Mumbai, Maharashtra"
"Ashirwad Critical Care Unit And 
Multispeciality Hospital",MUMBAI,MAHARASHTRA,4.5,106,"5WFX+5R Mumbai, Maharashtra"
Ashirwad Heart Hospital,MUMBAI,MAHARASHTRA,2.5,60,"3WG4+F6 Mumbai, Maharashtra"
Axon Hospital,MUMBAI,MAHARASHTRA,3.8,258,"4V4P+2Q Mumbai, Maharashtra"
Badwaik Maternity And General Hospital,MUMBAI,MAHARASHTRA,4.3,142,"5W2Q+55 Mumbai, Maharashtra"
"Criticare Multispecialtiy Hospital And 
Research Center",MUMBAI,MAHARASHTRA,4.5,5432,"4V92+66 Mumbai, Maharashtra"
Dhanashri Hospital Mumbai,MUMBAI,MAHARASHTRA,3.8,105,"6VC4+R2 Mumbai, Maharashtra"
Dna Multispecialty Hospital,MUMBAI,MAHARASHTRA,4.3,353,"5VH5+XX Mumbai, Maharashtra"
Dr Mukhis Raj Hospital,Mumbai,MAHARASHTRA,4.1,386,"5WGX+FH Mumbai, Maharashtra"
Dr Bhatia Multispecilaity Hospital,MUMBAI,MAHARASHTRA,4.1,947,"XR87+78 Mumbai, Maharashtra"
Dr Dipak Desais Ent Hospital,MUMBAI,MAHARASHTRA,4.7,35,"3WJ3+XW Mumbai, Maharashtra"
All Cure Hospital(Jogeshwar),MUMBAI,MAHARASHTRA,4.0,275,"4VP2+9R Mumbai, Maharashtra"
Dr. Shetty'S E.N.T. Hospital,Mumbai,MAHARASHTRA,4.5,110,"5XG3+83 Mumbai, Maharashtra"
Dr Meena Multispeciality Hospital,MUMBAI,MAHARASHTRA,4.5,283,"4WWJ+WV Mumbai, Maharashtra"
Fauziya Hospital(Mumbai),MUMBAI,MAHARASHTRA,3.2,226,"3VHJ+W2 Mumbai, Maharashtra"
"Global Hospital Super Speciality And 
Transplant Centre",MUMBAI,MAHARASHTRA,4.0,4,"XRXR+Q6 Mumbai, Maharashtra"
"H.J.Doshi Ghatkopar Hindu Sabha 
Hospital",Mumbai,MAHARASHTRA,4.5,931,"3WP4+2G Mumbai, Maharashtra"
Inlaks General Hospital,Mumbai,MAHARASHTRA,3.5,315,"2VWV+FQ Mumbai, Maharashtra"
"Jaslok Hospital And Medical Research 
Institute",MUMBAI,MAHARASHTRA,4.8,11027,"XRC5+JX Mumbai, Maharashtra"
"KJ Somaiya Hospital and Research 
Centre",MUMBAI,MAHARASHTRA,4.0,872,"2VWF+XV Mumbai, Maharashtra"
Kolekar Hospital and ICU,MUMBAI,MAHARASHTRA,4.1,454,"3W52+WC Mumbai, Maharashtra"
Life Line Hospital & Heart Institute,MUMBAI,MAHARASHTRA,4.5,113,"5RVW+FJ Mumbai, Maharashtra"
Lifeline Medicare Hospital Pvt Ltd,MUMBAI,MAHARASHTRA,4.1,793,"5RFV+PR Mumbai, Maharashtra"
Lifeline Multispeciality Hospital (Malad),MUMBAI,MAHARASHTRA,4.5,566,"5RRX+35 Mumbai, Maharashtra"
Lifewave Hospital,MUMBAI,MAHARASHTRA,4.5,163,"5VP3+CR Mumbai, Maharashtra"
Lotus Multispeciality Hospital,MUMBAI,MAHARASHTRA,4.2,74,"6R3Q+QG Mumbai, Maharashtra"
Masina Hospital,MUMBAI,MAHARASHTRA,3.9,584,"XRFP+Q8 Mumbai, Maharashtra"
Namita Polyclinic And Hospital,Mumbai,MAHARASHTRA,3.6,37,"6VV6+WF Mumbai, Maharashtra"
Narendra Hospital,MUMBAI,MAHARASHTRA,4.3,36,"6VJ7+44 Mumbai, Maharashtra"
National Hospital And Iccu ( Mulund),MUMBAI,MAHARASHTRA,3.6,26,"5WMX+2M Mumbai, Maharashtra"
"Paramount General Hospital And I.C.C.U 
( Mumbai )",MUMBAI,MAHARASHTRA,4.2,746,"4V3P+GQ Mumbai, Maharashtra"
Phoenix Hospital Pvt Ltd,MUMBAI,MAHARASHTRA,2.7,25,"6R3H+65 Mumbai, Maharashtra"
Powai Polyclinic And Hospital (Mumbai),Mumbai,MAHARASHTRA,4.4,460,"4WF8+JH Mumbai, Maharashtra"
Radha Krishna Hospital (Goregaon),MUMBAI,MAHARASHTRA,3.8,154,"5VFF+4J Mumbai, Maharashtra"
"Sai Hospital Dharavi ( Sai Medicure 
Services Pvt Ltd)",Mumbai,MAHARASHTRA,3.9,206,
Seven Star Multispeciality Hospital,Mumbai,MAHARASHTRA,3.8,297,"6V68+QQ Mumbai, Maharashtra"
Shalyak Hospital,MUMBAI,MAHARASHTRA,3.0,107,"4VP3+WM Mumbai, Maharashtra"
Shantiniketan Hospital(Ghatkopar),MUMBAI,MAHARASHTRA,4.0,398,"3WW7+3G Mumbai, Maharashtra"
Shraddha Hospital (Dahisar),MUMBAI,MAHARASHTRA,1.8,6,"7V37+9J Mumbai, Maharashtra"
Shree Ganesha Hospital,MUMBAI,MAHARASHTRA,4.3,472,"6RHW+79 Mumbai, Maharashtra"
Shreyas Hospital (Vasai Road),MUMBAI,MAHARASHTRA,4.7,347,"9RJH+Q6 Vasai West, Vasai-Virar, Maharashtra"
"Sir HN Reliance Foundation Hospital and 
Research Centre",MUMBAI,MAHARASHTRA,4.8,9467,"XR5C+F2 Mumbai, Maharashtra"
"Smt.B.C.J General Hospitaland Asha 
Parekh Research Centre",Mumbai,MAHARASHTRA,3.6,44,"3RMQ+83 Mumbai, Maharashtra"
"Srcc Children'S Hospital(A Unit Of 
Narayana Hrudayalaya Ltd)",Mumbai,MAHARASHTRA,4.9,12884,"XRH7+Q4 Mumbai, Maharashtra"
Sun Hospital,MUMBAI,MAHARASHTRA,4.5,170,"5RRR+3P Mumbai, Maharashtra"
Surana Hospital And Research Center,MUMBAI,MAHARASHTRA,4.0,454,"5RXQ+J9 Mumbai, Maharashtra"
Theji Hospital,MUMBAI,MAHARASHTRA,4.6,30,"5W2M+4F Mumbai, Maharashtra"
Unnati Hospital And Icu,MUMBAI,MAHARASHTRA,3.5,35,"62M6+XX Bhiwandi, Maharashtra"
Vardann Multispeciality Hospital,MUMBAI,MAHARASHTRA,4.8,567,"6V62+MJ Mumbai, Maharashtra"
Wockhardt Hospital (Mumbai),MUMBAI,MAHARASHTRA,4.6,5885,"XRGF+3H Mumbai, Maharashtra"
Yashwant Hospital Vikhroli,Mumbai,MAHARASHTRA,4.6,241,"4W8M+3F Mumbai, Maharashtra"
Zynova Hospitals Pvt Ltd,MUMBAI,MAHARASHTRA,4.8,7687,"3WQ4+FJ Mumbai, Maharashtra"
Lifeline Medicare Hospital Pvt Ltd,MUMBAI,MAHARASHTRA,4.1,793,"5RFV+PR Mumbai, Maharashtra"
New Medanta Hospital,MUMBAI,MAHARASHTRA,3.8,34,"5X8X+3J Navi Mumbai, Maharashtra"
"Shanti Nursing Home And Multispeciality 
Hospital",MUMBAI,MAHARASHTRA,4.7,589,"3R2Q+F6 Mumbai, Maharashtra"
Sainit Hospital,MUMBAI,MAHARASHTRA,4.0,2,"2R8P+GW Mumbai, Maharashtra"
Ojas Multispeciality Hospital,MUMBAI,MAHARASHTRA,,,"3R4H+3X Mumbai, Maharashtra"
KLS Memorial Hospital,MUMBAI,MAHARASHTRA,4.4,447,"4R5R+48 Mumbai, Maharashtra"
Niramay Hospital,MUMBAI,MAHARASHTRA,4.5,11,"6R8J+8Q Mumbai, Maharashtra"
Pragati Multispeciality Hospital,MUMBAI,MAHARASHTRA,4.3,684,"7V36+FV Mumbai, Maharashtra"
Romeen Medico Surgical Hospital,MUMBAI,MAHARASHTRA,3.7,50,"4W8J+59 Mumbai, Maharashtra"
Padmani Hospital & ICU,MUMBAI,MAHARASHTRA,4.2,86,"4WWP+WF Mumbai, Maharashtra"
Lifeline Medicare Hospital,MUMBAI,MAHARASHTRA,3.7,60,"6V48+Q8 Mumbai, Maharashtra"
Balaji Hospital Ulwe,MUMBAI,MAHARASHTRA,4.0,191,"X2HG+F2 Navi Mumbai, Maharashtra"
"Dr Thakurs Ear -Nose Throat Clinic and 
Hospital",MUMBAI,MAHARASHTRA,3.6,88,"4WWP+WF Mumbai, Maharashtra"
V Care Hospital and ICU,MUMBAI,MAHARASHTRA,3.1,62,"3V7J+3M Mumbai, Maharashtra"
Sai Kripa Hospital,MUMBAI,MAHARASHTRA,4.5,519,"5VJ5+F4 Mumbai, Maharashtra"
Shubham Lifeline Multispeciality Hospital,MUMBAI,MAHARASHTRA,4.0,32,"FR77+JR Virar, Maharashtra"
Sparsh Childrens Hospital,MUMBAI,MAHARASHTRA,4.5,466,"2R3R+W3 Mumbai, Maharashtra"
Apex Multispeciality Hospitals,MUMBAI,MAHARASHTRA,4.3,1712,"6VC7+55 Mumbai, Maharashtra"
Cuddles N Cure Children Hospital,MUMBAI,MAHARASHTRA,4.2,108,"5WGX+6P Mumbai, Maharashtra"
Advanced Multispeciality Hospital,MUMBAI,MAHARASHTRA,4.3,336,"4R5P+QW Mumbai, Maharashtra"
"Shushrusha Suman Ramesh Tulani 
Hospital",MUMBAI,MAHARASHTRA,3.6,139,"4W6M+WW Mumbai, Maharashtra"
"Manisha Universal Multispeciality Hospital 2nd Floor, Manisha heights, Vaishali Nagar,Near Hp petrol",MUMBAI,MAHARASHTRA,4.4,276,"5WPW+FQ Mumbai, Maharashtra"
Vedant Multispeciality Hospital,MUMBAI,MAHARASHTRA,3.7,32,"4V3P+MV Mumbai, Maharashtra"
Apex Superspeciality Hospitals Pvt Ltd,MUMBAI,MAHARASHTRA,,,
Vivanta Hospital,MUMBAI,MAHARASHTRA,3.8,180,"5RHV+H4 Mumbai, Maharashtra"
Nakshatra Multispeciality Hospital,MUMBAI,MAHARASHTRA,4.6,239,"4RFJ+JW Mumbai, Maharashtra"
Apollo Children Hospital,MUMBAI,MAHARASHTRA,4.5,16,"22CH+CH Mumbai, Maharashtra"
"Ashirwad Critical Care Unit and 
Multispeciality Hospital",MUMBAI,MAHARASHTRA,4.5,106,"5WFX+5R Mumbai, Maharashtra"
Sailee Hospital and Diagnostic Centre,MUMBAI,MAHARASHTRA,3.2,120,"6RHR+37 Mumbai, Maharashtra"
"Unnati Hospital And Bombay Spine 
Centre",MUMBAI,MAHARASHTRA,3.8,33,"5RXX+HF Mumbai, Maharashtra"
Vinayak Hospital,MUMBAI,MAHARASHTRA,4.7,227,"5RVM+RF Mumbai, Maharashtra"
Asha Multispeciality Hospital,MUMBAI,MAHARASHTRA,4.4,198,"5VQ4+H5 Mumbai, Maharashtra"
Vardann Hospital,MUMBAI,MAHARASHTRA,4.5,81,"5RWM+9H Mumbai, Maharashtra"
Lotus Mutispeciality Hospital,MUMBAI,MAHARASHTRA,4.2,74,"6R3Q+QG Mumbai, Maharashtra"
Care Hospital (Nagpur),Nagpur,MAHARASHTRA,,,
Alexis Multispeciality Hospital Pvt Ltd,NAGPUR,MAHARASHTRA,4.1,2055,"53PH+8R Nagpur, Maharashtra"
New Era Hospital,NAGPUR,MAHARASHTRA,4.6,4196,"542C+HR Nagpur, Maharashtra"
Suretech Hospital Research Centre Ltd,NAGPUR,MAHARASHTRA,4.0,1,
Venus Critical Care Hospital Nagpur,NAGPUR,MAHARASHTRA,2.9,54,"53CW+5G Nagpur, Maharashtra"
Zenith Hospital,Nagpur,MAHARASHTRA,4.4,282,"43P4+8W Nagpur, Maharashtra"
"Bhagwati ENT Hospital & Endoscopy 
Centre",NAGPUR,MAHARASHTRA,1.5,2,"43J4+MC Nagpur, Maharashtra"
Cure It Hospital Pvt Ltd,NAGPUR,MAHARASHTRA,,,
Center Point Hospital,NAGPUR,MAHARASHTRA,3.6,146,"43JW+FQ Nagpur, Maharashtra"
"Shri Ramdeobaba Rukhmini Devi 
Memorial Multi Specialty Hospital",NAGPUR,MAHARASHTRA,3.5,27,"542M+VG Nagpur, Maharashtra"
Icon Hospital,NAGPUR,MAHARASHTRA,,,
Auro Critical Care Hospital,NAGPUR,MAHARASHTRA,3.4,17,"44XQ+26 Nagpur, Maharashtra"
Sadguru Hospital,NASIK,MAHARASHTRA,4.2,263,"2R53+M6 Nashik, Maharashtra"
Vakratunda Hospital Pvt Ltd,NASIK,MAHARASHTRA,,,
Pushkar Hospital,NASIK,MAHARASHTRA,5.0,20,"2Q7W+MM Nashik, Maharashtra"
"SantKrupa Multi Speciality And Accident 
Hospital",NASIK,MAHARASHTRA,4.5,256,"WRGM+6F Deolali, Maharashtra"
"Shushrusha Heart Care Centre And 
Speciality Hospital(Nerul)",NAVI MUMBAI,MAHARASHTRA,4.0,427,"22V5+6V Navi Mumbai, Maharashtra"
Sanjivani Hospital (Airoli),NAVI MUMBAI,MAHARASHTRA,3.5,26,"5X4X+R8 Navi Mumbai, Maharashtra"
Jeevan Jyot Hospital,Navi Mumbai,MAHARASHTRA,4.7,456,"237V+9W Navi Mumbai, Maharashtra"
"Terna Speciality Hospital And Research 
Centre",Navi Mumbai,MAHARASHTRA,3.7,950,"22J8+JG Navi Mumbai, Maharashtra"
Satyam Multi Speciality Hospital,Navi Mumbai,MAHARASHTRA,3.5,125,"24G3+MX Navi Mumbai, Maharashtra"
Navjeevan Hospital (Vashi),NAVI MUMBAI,MAHARASHTRA,2.9,25,"3XCX+6C Navi Mumbai, Maharashtra"
Fortis Hiranandani Hospital,NAVI MUMBAI,MAHARASHTRA,,,
Panacea Hospital,NAVI MUMBAI,MAHARASHTRA,3.5,432,"244C+84 Navi Mumbai, Maharashtra"
Niramaya Hospital,NAVI MUMBAI,MAHARASHTRA,4.3,608,"23M7+P4 Navi Mumbai, Maharashtra"
Dr Jadhav Hospital,NAVI MUMBAI,MAHARASHTRA,3.4,73,"5X2X+F4 Navi Mumbai, Maharashtra"
Apex Multispeciality Hospital Taloja,NAVI MUMBAI,MAHARASHTRA,3.8,56,"33GR+4G Navi Mumbai, Maharashtra"
Sunshine Hospital,NAVI MUMBAI,MAHARASHTRA,4.5,37,"22P5+GV Navi Mumbai, Maharashtra"
Apple Hospital,NAVI MUMBAI,MAHARASHTRA,3.1,268,"4XVW+Q3 Navi Mumbai, Maharashtra"
Avadhoot Hospital And Iccu,Navi Mumbai,MAHARASHTRA,3.0,145,"5X5V+W2 Navi Mumbai, Maharashtra"
"B And J Superspeciality Hospital And 
Research Center",NAVI MUMBAI,MAHARASHTRA,4.7,1062,"23FR+GG Navi Mumbai, Maharashtra"
Carepoint Hospital,NAVI MUMBAI,MAHARASHTRA,,,
Dhanvantari Hospital (Ulhasnagar),NAVI MUMBAI,MAHARASHTRA,3.3,58,"6577+8M Ulhasnagar, Maharashtra"
Dr RN Patils Suraj Hospital (Sanpada),NAVI MUMBAI,MAHARASHTRA,4.4,709,"3264+G6 Navi Mumbai, Maharashtra"
Dr Ajayan Multispeciality Hospital,NAVI MUMBAI,MAHARASHTRA,3.7,179,"4225+5P Navi Mumbai, Maharashtra"
"Dr. Yewale Multispeciality Hospital For 
Children",Navi Mumbai,MAHARASHTRA,4.1,230,"3XJW+PJ Navi Mumbai, Maharashtra"
"Dr.Choudhary Stone Clinic & 
Multispeciality Hospital & ICU",NAVI MUMBAI,MAHARASHTRA,4.9,380,"3XMX+2X Navi Mumbai, Maharashtra"
"Dr.Singh'S City Hospital And Medical 
Research Centre Pvt Ltd",Navi Mumbai,MAHARASHTRA,4.7,521,"23HW+8M Navi Mumbai, Maharashtra"
Guruprem Hospital,Navi Mumbai,MAHARASHTRA,4.9,20,"5X2X+CM Navi Mumbai, Maharashtra"
Indravati Hospitaland Research Centre,Navi Mumbai,MAHARASHTRA,4.5,1967,"5X4X+P5 Navi Mumbai, Maharashtra"
Jeevan Jyoti Multispecialty Hospital,NAVI MUMBAI,MAHARASHTRA,4.7,456,"237V+9W Navi Mumbai, Maharashtra"
Lions Service Centre Hospital,Navi Mumbai,MAHARASHTRA,4.7,1777,
Mauli Accident And General Hospital,NAVI MUMBAI,MAHARASHTRA,3.9,11,"238Q+FH Navi Mumbai, Maharashtra"
Mody Hospital And I.C.C.U ( Airoli ),NAVI MUMBAI,MAHARASHTRA,4.2,191,"5X6X+CG Navi Mumbai, Maharashtra"
New Milliennium Multispeciality Hospital,NAVI MUMBAI,MAHARASHTRA,4.4,419,"3267+QM Navi Mumbai, Maharashtra"
Neway Hospital,Navi Mumbai,MAHARASHTRA,2.9,27,"3267+4M Navi Mumbai, Maharashtra"
Orchid Multispeciality Hospital,NAVI MUMBAI,MAHARASHTRA,4.6,71,"4XXV+Q7 Navi Mumbai, Maharashtra"
"Pkc Hospital And Medical Research 
Centre.",Navi Mumbai,MAHARASHTRA,3.9,398,"32J3+66 Navi Mumbai, Maharashtra"
Rajpal Hospital And Institute,Navi Mumbai,MAHARASHTRA,3.9,47,"32X4+RF Mumbai, Maharashtra"
Shree Sai Multispeciality Hospital,NAVI MUMBAI,MAHARASHTRA,4.6,335,"23CR+QM Navi Mumbai, Maharashtra"
Sunrise Multispeciality Hospital,NAVI MUMBAI,MAHARASHTRA,4.3,209,"238P+PJ Navi Mumbai, Maharashtra"
Suyash Hospital(Navi Mumbai),NAVI MUMBAI,MAHARASHTRA,2.7,129,"2298+VF Navi Mumbai, Maharashtra"
Vedaant Multispeciality Hospital,Navi Mumbai,MAHARASHTRA,4.2,224,
Yashoda Maternity And General Hospital,Navi Mumbai,MAHARASHTRA,3.7,53,"237W+56 Navi Mumbai, Maharashtra"
Sai Jyot Multispeciality Hospital,NAVI MUMBAI,MAHARASHTRA,4.7,1280,"4252+QQ Navi Mumbai, Maharashtra"
Tej Vedaant Hospitals,NAVI MUMBAI,MAHARASHTRA,4.2,224,
Siddharth Hospital,NAVI MUMBAI,MAHARASHTRA,4.0,3,
Purnima Hospital,NAVI MUMBAI,MAHARASHTRA,3.3,34,"6VP6+J7 Mumbai, Maharashtra"
Acharya Shri Nanesh Hospital,NAVI MUMBAI,MAHARASHTRA,4.7,538,"22MR+8F Navi Mumbai, Maharashtra"
Swami Krupa Hospital,NAVI MUMBAI,MAHARASHTRA,4.7,62,"239R+G2 Navi Mumbai, Maharashtra"
New Bombay Hospital,NAVI MUMBAI,MAHARASHTRA,4.2,61,"5X6V+8C Navi Mumbai, Maharashtra"
Sadguru Hospital(Ghansoli),NAVI MUMBAI,MAHARASHTRA,,,
Sai Snehdeep Hospital,NAVI MUMBAI,MAHARASHTRA,4.6,1567,"4252+CP Navi Mumbai, Maharashtra"
Panvel Hospital,NAVI MUMBAI,MAHARASHTRA,3.9,85,"X4M5+68 Navi Mumbai, Maharashtra"
Shree Hospital (Pune),PUNE,MAHARASHTRA,3.3,414,"HW2R+HF Pune, Maharashtra"
Aditya Birla Memorial Hospital,PUNE,MAHARASHTRA,4.0,5383,"JQGF+7W Pimpri-Chinchwad, Maharashtra"
Sangamnerkar Hospitals,PUNE,MAHARASHTRA,5.0,1,"GR3V+8V Pune, Maharashtra"
Karne Hospital Pvt Ltd,PUNE,MAHARASHTRA,4.6,319,"FVW5+59 Pune, Maharashtra"
Sanjeevani Nursing Hospital,PUNE,MAHARASHTRA,4.0,6,"FVF4+M8 Pune, Maharashtra"
Amrut Hospital,PUNE,MAHARASHTRA,3.9,34,"JR52+XM Pune, Maharashtra"
Lifeline Hospital,PUNE,MAHARASHTRA,3.7,392,"HXMQ+2Q Pune, Maharashtra"
Omkar Accident Hospital,PUNE,MAHARASHTRA,4.3,18,
"Sai Sneh Hospital And Diagnostic Centre 
Pvt Ltd",Pune,MAHARASHTRA,4.5,206,"CVW5+MQ Pune, Maharashtra"
Saidham Hospital,PUNE,MAHARASHTRA,,,
Sahyadri Hospital (Bibwewadi),PUNE,MAHARASHTRA,,,
Goldrush Hospital,PUNE,MAHARASHTRA,,,
Columbia Asia Hospital,PUNE,MAHARASHTRA,,,
Kohakade Hospital,PUNE,MAHARASHTRA,3.7,184,"HW7J+4Q Pune, Maharashtra"
Pioneer Hospital,PUNE,MAHARASHTRA,,,
Max Neuro Hospital Pvt Ltd,PUNE,MAHARASHTRA,,,
Bharati Hospital And Research Centre,PUNE,MAHARASHTRA,4.5,96,
"Dr Makan Surgical Maternity and 
Accident Hospital",PUNE,MAHARASHTRA,2.7,10,
Om Hospital Pune,PUNE,MAHARASHTRA,4.3,238,"GRHJ+M7 Pune, Maharashtra"
Samarth Hospital,PUNE,MAHARASHTRA,4.3,18,"GV96+VW Pune, Maharashtra"
Rising Medicare Hospital,PUNE,MAHARASHTRA,4.6,1966,"HW3Q+GP Pune, Maharashtra"
"Dr Madrewars Chest And General 
Hospital",PUNE,MAHARASHTRA,,,
Pataskar Hospital,PUNE,MAHARASHTRA,4.7,207,"JVW2+92 Pune, Maharashtra"
Aims Hospital And Research Center,PUNE,MAHARASHTRA,4.1,239,
Aadhar Hospital Multispeciality And Icu,Pune,MAHARASHTRA,4.1,194,
Aarogyam Multispeciality Hospital,PUNE,MAHARASHTRA,,,
